time,x,y,yaw,v,w
0.000000000000000000e+00,0.000000000000000000e+00,0.000000000000000000e+00,0.000000000000000000e+00,5.000000000000000000e-01,0.000000000000000000e+00
5.000000000000000278e-02,2.500000000000000139e-02,0.000000000000000000e+00,0.000000000000000000e+00,5.000000000000000000e-01,0.000000000000000000e+00
1.000000000000000056e-01,5.000000000000000278e-02,0.000000000000000000e+00,0.000000000000000000e+00,5.000000000000000000e-01,0.000000000000000000e+00
1.500000000000000222e-01,7.500000000000001110e-02,0.000000000000000000e+00,0.000000000000000000e+00,5.000000000000000000e-01,0.000000000000000000e+00
2.000000000000000111e-01,1.000000000000000056e-01,0.000000000000000000e+00,0.000000000000000000e+00,5.000000000000000000e-01,0.000000000000000000e+00
2.500000000000000000e-01,1.250000000000000000e-01,0.000000000000000000e+00,0.000000000000000000e+00,5.000000000000000000e-01,0.000000000000000000e+00
2.999999999999999889e-01,1.499999999999999944e-01,0.000000000000000000e+00,0.000000000000000000e+00,5.000000000000000000e-01,0.000000000000000000e+00
3.499999999999999778e-01,1.749999999999999889e-01,0.000000000000000000e+00,0.000000000000000000e+00,5.000000000000000000e-01,0.000000000000000000e+00
3.999999999999999667e-01,1.999999999999999833e-01,0.000000000000000000e+00,0.000000000000000000e+00,5.000000000000000000e-01,0.000000000000000000e+00
4.499999999999999556e-01,2.249999999999999778e-01,0.000000000000000000e+00,0.000000000000000000e+00,5.000000000000000000e-01,0.000000000000000000e+00
4.999999999999999445e-01,2.499999999999999722e-01,0.000000000000000000e+00,0.000000000000000000e+00,5.000000000000000000e-01,0.000000000000000000e+00
5.499999999999999334e-01,2.749999999999999667e-01,0.000000000000000000e+00,0.000000000000000000e+00,5.000000000000000000e-01,0.000000000000000000e+00
5.999999999999999778e-01,2.999999999999999889e-01,0.000000000000000000e+00,0.000000000000000000e+00,5.000000000000000000e-01,0.000000000000000000e+00
6.500000000000000222e-01,3.250000000000000111e-01,0.000000000000000000e+00,0.000000000000000000e+00,5.000000000000000000e-01,0.000000000000000000e+00
7.000000000000000666e-01,3.500000000000000333e-01,0.000000000000000000e+00,0.000000000000000000e+00,5.000000000000000000e-01,0.000000000000000000e+00
7.500000000000001110e-01,3.750000000000000555e-01,0.000000000000000000e+00,0.000000000000000000e+00,5.000000000000000000e-01,0.000000000000000000e+00
8.000000000000001554e-01,4.000000000000000777e-01,0.000000000000000000e+00,0.000000000000000000e+00,4.799999999999999267e-01,0.000000000000000000e+00
8.500000000000001998e-01,4.240000000000000990e-01,0.000000000000000000e+00,0.000000000000000000e+00,4.607999999999998764e-01,0.000000000000000000e+00
9.000000000000002442e-01,4.470400000000001040e-01,0.000000000000000000e+00,0.000000000000000000e+00,4.423679999999999279e-01,0.000000000000000000e+00
9.500000000000002887e-01,4.691584000000000865e-01,0.000000000000000000e+00,0.000000000000000000e+00,4.246732799999999308e-01,0.000000000000000000e+00
1.000000000000000222e+00,4.903920640000000719e-01,0.000000000000000000e+00,0.000000000000000000e+00,4.076863487999999314e-01,0.000000000000000000e+00
1.050000000000000266e+00,5.107763814400000379e-01,0.000000000000000000e+00,0.000000000000000000e+00,3.913788948479999807e-01,0.000000000000000000e+00
1.100000000000000311e+00,5.303453261824000453e-01,0.000000000000000000e+00,0.000000000000000000e+00,3.757237390540799638e-01,0.000000000000000000e+00
1.150000000000000355e+00,5.491315131351039991e-01,0.000000000000000000e+00,0.000000000000000000e+00,3.606947894919168007e-01,0.000000000000000000e+00
1.200000000000000400e+00,5.671662526096998835e-01,0.000000000000000000e+00,0.000000000000000000e+00,3.462669979122401376e-01,0.000000000000000000e+00
1.250000000000000444e+00,5.844796025053118349e-01,0.000000000000000000e+00,0.000000000000000000e+00,3.324163179957505543e-01,0.000000000000000000e+00
1.300000000000000488e+00,6.011004184050993127e-01,0.000000000000000000e+00,0.000000000000000000e+00,3.191196652759205610e-01,0.000000000000000000e+00
1.350000000000000533e+00,6.170564016688953046e-01,0.000000000000000000e+00,0.000000000000000000e+00,3.063548786648837563e-01,0.000000000000000000e+00
1.400000000000000577e+00,6.323741456021394480e-01,0.000000000000000000e+00,0.000000000000000000e+00,2.941006835182884416e-01,0.000000000000000000e+00
1.450000000000000622e+00,6.470791797780538479e-01,0.000000000000000000e+00,0.000000000000000000e+00,2.823366561775569328e-01,0.000000000000000000e+00
1.500000000000000666e+00,6.611960125869317251e-01,0.000000000000000000e+00,0.000000000000000000e+00,2.710431899304546199e-01,0.000000000000000000e+00
1.550000000000000711e+00,6.747481720834545005e-01,0.000000000000000000e+00,0.000000000000000000e+00,2.602014623332364329e-01,0.000000000000000000e+00
1.600000000000000755e+00,6.877582452001163027e-01,0.000000000000000000e+00,0.000000000000000000e+00,2.497934038399069745e-01,0.000000000000000000e+00
1.650000000000000799e+00,7.002479153921116195e-01,0.000000000000000000e+00,0.000000000000000000e+00,2.398016676863107266e-01,0.000000000000000000e+00
1.700000000000000844e+00,7.122379987764271281e-01,0.000000000000000000e+00,0.000000000000000000e+00,2.302096009788583142e-01,0.000000000000000000e+00
1.750000000000000888e+00,7.237484788253700785e-01,0.000000000000000000e+00,0.000000000000000000e+00,2.210012169397039539e-01,0.000000000000000000e+00
1.800000000000000933e+00,7.347985396723553109e-01,0.000000000000000000e+00,0.000000000000000000e+00,2.121611682621157569e-01,0.000000000000000000e+00
1.850000000000000977e+00,7.454065980854610585e-01,0.000000000000000000e+00,0.000000000000000000e+00,2.036747215316311588e-01,0.000000000000000000e+00
1.900000000000001021e+00,7.555903341620425762e-01,0.000000000000000000e+00,0.000000000000000000e+00,1.955277326703659391e-01,0.000000000000000000e+00
1.950000000000001066e+00,7.653667207955608953e-01,0.000000000000000000e+00,0.000000000000000000e+00,1.877066233635512893e-01,0.000000000000000000e+00
2.000000000000000888e+00,7.747520519637384195e-01,0.000000000000000000e+00,0.000000000000000000e+00,1.801983584290092755e-01,0.000000000000000000e+00
2.050000000000000711e+00,7.837619698851888694e-01,0.000000000000000000e+00,0.000000000000000000e+00,1.729904240918489211e-01,0.000000000000000000e+00
2.100000000000000533e+00,7.924114910897812614e-01,0.000000000000000000e+00,0.000000000000000000e+00,1.660708071281750131e-01,0.000000000000000000e+00
2.150000000000000355e+00,8.007150314461900509e-01,0.000000000000000000e+00,0.000000000000000000e+00,1.594279748430479648e-01,0.000000000000000000e+00
2.200000000000000178e+00,8.086864301883424089e-01,0.000000000000000000e+00,0.000000000000000000e+00,1.530508558493260951e-01,0.000000000000000000e+00
2.250000000000000000e+00,8.163389729808087081e-01,0.000000000000000000e+00,0.000000000000000000e+00,1.469288216153530335e-01,0.000000000000000000e+00
2.299999999999999822e+00,8.236854140615763598e-01,0.000000000000000000e+00,0.000000000000000000e+00,1.410516687507389066e-01,0.000000000000000000e+00
2.349999999999999645e+00,8.307379974991132565e-01,0.000000000000000000e+00,0.000000000000000000e+00,1.354096020007093948e-01,0.000000000000000000e+00
2.399999999999999467e+00,8.375084775991487041e-01,0.000000000000000000e+00,0.000000000000000000e+00,1.299932179206810534e-01,0.000000000000000000e+00
2.449999999999999289e+00,8.440081384951827470e-01,0.000000000000000000e+00,0.000000000000000000e+00,1.247934892038538024e-01,0.000000000000000000e+00
2.499999999999999112e+00,8.502478129553754371e-01,0.000000000000000000e+00,0.000000000000000000e+00,1.198017496356996586e-01,0.000000000000000000e+00
2.549999999999998934e+00,8.562379004371604152e-01,0.000000000000000000e+00,0.000000000000000000e+00,1.150096796502716734e-01,0.000000000000000000e+00
2.599999999999998757e+00,8.619883844196739586e-01,0.000000000000000000e+00,0.000000000000000000e+00,1.104092924642608442e-01,0.000000000000000000e+00
2.649999999999998579e+00,8.675088490428870536e-01,0.000000000000000000e+00,0.000000000000000000e+00,1.059929207656903627e-01,0.000000000000000000e+00
2.699999999999998401e+00,8.728084950811715315e-01,0.000000000000000000e+00,0.000000000000000000e+00,1.017532039350627776e-01,0.000000000000000000e+00
2.749999999999998224e+00,8.778961552779246391e-01,0.000000000000000000e+00,0.000000000000000000e+00,9.768307577766029148e-02,0.000000000000000000e+00
2.799999999999998046e+00,8.827803090668076003e-01,0.000000000000000000e+00,0.000000000000000000e+00,9.377575274655391979e-02,0.000000000000000000e+00
2.849999999999997868e+00,8.874690967041353185e-01,0.000000000000000000e+00,0.000000000000000000e+00,9.002472263669175634e-02,0.000000000000000000e+00
2.899999999999997691e+00,8.919703328359699368e-01,0.000000000000000000e+00,0.000000000000000000e+00,8.642373373122405611e-02,0.000000000000000000e+00
2.949999999999997513e+00,8.962915195225311660e-01,0.000000000000000000e+00,0.000000000000000000e+00,8.296678438197507832e-02,0.000000000000000000e+00
2.999999999999997335e+00,9.004398587416299060e-01,0.000000000000000000e+00,0.000000000000000000e+00,7.964811300669608074e-02,0.000000000000000000e+00
3.049999999999997158e+00,9.044222643919647142e-01,0.000000000000000000e+00,0.000000000000000000e+00,7.646218848642823140e-02,0.000000000000000000e+00
3.099999999999996980e+00,9.082453738162861168e-01,0.000000000000000000e+00,0.000000000000000000e+00,7.340370094697111492e-02,0.000000000000000000e+00
3.149999999999996803e+00,9.119155588636346232e-01,0.000000000000000000e+00,0.000000000000000000e+00,7.046755290909230418e-02,0.000000000000000000e+00
3.199999999999996625e+00,9.154389365090892516e-01,0.000000000000000000e+00,0.000000000000000000e+00,6.764885079272860147e-02,0.000000000000000000e+00
3.249999999999996447e+00,9.188213790487256283e-01,0.000000000000000000e+00,0.000000000000000000e+00,6.494289676101949738e-02,0.000000000000000000e+00
3.299999999999996270e+00,9.220685238867766254e-01,0.000000000000000000e+00,0.000000000000000000e+00,6.234518089057870111e-02,0.000000000000000000e+00
3.349999999999996092e+00,9.251857829313056003e-01,0.000000000000000000e+00,0.000000000000000000e+00,5.985137365495551975e-02,0.000000000000000000e+00
3.399999999999995914e+00,9.281783516140533763e-01,0.000000000000000000e+00,0.000000000000000000e+00,5.745731870875730313e-02,0.000000000000000000e+00
3.449999999999995737e+00,9.310512175494912723e-01,0.000000000000000000e+00,0.000000000000000000e+00,5.515902596040698352e-02,0.000000000000000000e+00
3.499999999999995559e+00,9.338091688475116392e-01,0.000000000000000000e+00,0.000000000000000000e+00,5.295266492199068864e-02,0.000000000000000000e+00
3.549999999999995381e+00,9.364568020936111514e-01,0.000000000000000000e+00,0.000000000000000000e+00,5.083455832511107886e-02,0.000000000000000000e+00
3.599999999999995204e+00,9.389985300098666610e-01,0.000000000000000000e+00,0.000000000000000000e+00,4.880117599210667678e-02,0.000000000000000000e+00
3.649999999999995026e+00,9.414385888094719546e-01,0.000000000000000000e+00,0.000000000000000000e+00,4.684912895242243636e-02,0.000000000000000000e+00
3.699999999999994849e+00,9.437810452570930542e-01,0.000000000000000000e+00,0.000000000000000000e+00,4.497516379432556222e-02,0.000000000000000000e+00
3.749999999999994671e+00,9.460298034468093142e-01,0.000000000000000000e+00,0.000000000000000000e+00,4.317615724255255416e-02,0.000000000000000000e+00
3.799999999999994493e+00,9.481886113089369461e-01,0.000000000000000000e+00,0.000000000000000000e+00,4.144911095285044866e-02,0.000000000000000000e+00
3.849999999999994316e+00,9.502610668565795171e-01,0.000000000000000000e+00,0.000000000000000000e+00,0.000000000000000000e+00,0.000000000000000000e+00
3.899999999999994138e+00,9.502610668565795171e-01,0.000000000000000000e+00,0.000000000000000000e+00,0.000000000000000000e+00,1.500000000000000000e+00
3.949999999999993960e+00,9.502610668565795171e-01,0.000000000000000000e+00,7.500000000000001110e-02,0.000000000000000000e+00,1.500000000000000000e+00
3.999999999999993783e+00,9.502610668565795171e-01,0.000000000000000000e+00,1.500000000000000222e-01,0.000000000000000000e+00,1.500000000000000000e+00
4.049999999999993605e+00,9.502610668565795171e-01,0.000000000000000000e+00,2.250000000000000333e-01,0.000000000000000000e+00,1.500000000000000000e+00
4.099999999999993427e+00,9.502610668565795171e-01,0.000000000000000000e+00,3.000000000000000444e-01,0.000000000000000000e+00,1.500000000000000000e+00
4.149999999999993250e+00,9.502610668565795171e-01,0.000000000000000000e+00,3.750000000000000555e-01,0.000000000000000000e+00,1.500000000000000000e+00
4.199999999999993072e+00,9.502610668565795171e-01,0.000000000000000000e+00,4.500000000000000666e-01,0.000000000000000000e+00,1.500000000000000000e+00
4.249999999999992895e+00,9.502610668565795171e-01,0.000000000000000000e+00,5.250000000000001332e-01,0.000000000000000000e+00,1.494147525412451438e+00
4.299999999999992717e+00,9.502610668565795171e-01,0.000000000000000000e+00,5.997073762706226496e-01,0.000000000000000000e+00,1.382086461006517553e+00
4.349999999999992539e+00,9.502610668565795171e-01,0.000000000000000000e+00,6.688116993209484162e-01,0.000000000000000000e+00,1.278429976431028958e+00
4.399999999999992362e+00,9.502610668565795171e-01,0.000000000000000000e+00,7.327331981424998197e-01,0.000000000000000000e+00,1.182547728198701797e+00
4.449999999999992184e+00,9.502610668565795171e-01,0.000000000000000000e+00,7.918605845524349096e-01,0.000000000000000000e+00,1.093856648583799274e+00
4.499999999999992006e+00,9.502610668565795171e-01,0.000000000000000000e+00,8.465534169816248955e-01,0.000000000000000000e+00,1.011817399940014184e+00
4.549999999999991829e+00,9.502610668565795171e-01,0.000000000000000000e+00,8.971442869786255825e-01,0.000000000000000000e+00,9.359310949445130978e-01
4.599999999999991651e+00,9.502610668565795171e-01,0.000000000000000000e+00,9.439408417258512429e-01,0.000000000000000000e+00,8.657362628236747737e-01
4.649999999999991473e+00,9.502610668565795171e-01,0.000000000000000000e+00,9.872276548670350094e-01,0.000000000000000000e+00,8.008060431118989575e-01
4.699999999999991296e+00,9.502610668565795171e-01,0.000000000000000000e+00,1.027267957022629963e+00,0.000000000000000000e+00,7.407455898785066939e-01
4.749999999999991118e+00,9.502610668565795171e-01,0.000000000000000000e+00,1.064305236516555286e+00,0.000000000000000000e+00,6.851896706376187085e-01
4.799999999999990941e+00,9.502610668565795171e-01,0.000000000000000000e+00,1.098564720048436305e+00,0.000000000000000000e+00,6.338004453397972915e-01
4.849999999999990763e+00,9.502610668565795171e-01,0.000000000000000000e+00,1.130254742315426109e+00,0.000000000000000000e+00,5.862654119393124752e-01
4.899999999999990585e+00,9.502610668565795171e-01,0.000000000000000000e+00,1.159568012912391755e+00,0.000000000000000000e+00,5.422955060438640063e-01
4.949999999999990408e+00,9.502610668565795171e-01,0.000000000000000000e+00,1.186682788214584949e+00,0.000000000000000000e+00,5.016233430905742141e-01
4.999999999999990230e+00,9.502610668565795171e-01,0.000000000000000000e+00,1.211763955369113743e+00,0.000000000000000000e+00,4.640015923587810232e-01
5.049999999999990052e+00,9.502610668565795171e-01,0.000000000000000000e+00,1.234964034987052761e+00,0.000000000000000000e+00,4.292014729318724964e-01
5.099999999999989875e+00,9.502610668565795171e-01,0.000000000000000000e+00,1.256424108633646286e+00,0.000000000000000000e+00,3.970113624619822090e-01
5.149999999999989697e+00,9.502610668565795171e-01,0.000000000000000000e+00,1.276274676756745441e+00,0.000000000000000000e+00,3.672355102773335322e-01
5.199999999999989519e+00,9.502610668565795171e-01,0.000000000000000000e+00,1.294636452270612192e+00,0.000000000000000000e+00,3.396928470065332939e-01
5.249999999999989342e+00,9.502610668565795171e-01,0.000000000000000000e+00,1.311621094620938788e+00,0.000000000000000000e+00,3.142158834810434564e-01
5.299999999999989164e+00,9.502610668565795171e-01,0.000000000000000000e+00,1.327331888794990977e+00,0.000000000000000000e+00,2.906496922199651722e-01
5.349999999999988987e+00,9.502610668565795171e-01,0.000000000000000000e+00,1.341864373405989186e+00,0.000000000000000000e+00,2.688509653034678593e-01
5.399999999999988809e+00,9.502610668565795171e-01,0.000000000000000000e+00,1.355306921671162623e+00,0.000000000000000000e+00,2.486871429057077032e-01
5.449999999999988631e+00,9.502610668565795171e-01,0.000000000000000000e+00,1.367741278816448025e+00,0.000000000000000000e+00,2.300356071877796005e-01
5.499999999999988454e+00,9.502610668565795171e-01,0.000000000000000000e+00,1.379243059175836894e+00,0.000000000000000000e+00,2.127829366486962970e-01
5.549999999999988276e+00,9.502610668565795171e-01,0.000000000000000000e+00,1.389882206008271615e+00,0.000000000000000000e+00,1.968242164000442163e-01
5.599999999999988098e+00,9.502610668565795171e-01,0.000000000000000000e+00,1.399723416828273725e+00,0.000000000000000000e+00,1.820624001700410222e-01
5.649999999999987921e+00,9.502610668565795171e-01,0.000000000000000000e+00,1.408826536836775833e+00,0.000000000000000000e+00,1.684077201572878879e-01
5.699999999999987743e+00,9.502610668565795171e-01,0.000000000000000000e+00,1.417246922844640267e+00,0.000000000000000000e+00,1.557771411454912380e-01
5.749999999999987566e+00,9.502610668565795171e-01,0.000000000000000000e+00,1.425035779901914879e+00,0.000000000000000000e+00,1.440938555595793202e-01
5.799999999999987388e+00,9.502610668565795171e-01,0.000000000000000000e+00,1.432240472679893850e+00,0.000000000000000000e+00,1.332868163926108629e-01
5.849999999999987210e+00,9.502610668565795171e-01,0.000000000000000000e+00,1.438904813499524371e+00,0.000000000000000000e+00,1.232903051631651092e-01
5.899999999999987033e+00,9.502610668565795171e-01,0.000000000000000000e+00,1.445069328757682570e+00,5.000000000000000000e-01,1.140435322759278114e-01
5.949999999999986855e+00,9.532544881109685786e-01,2.482014160301612704e-02,1.450771505371478920e+00,5.000000000000000000e-01,1.081893207376979360e-01
5.999999999999986677e+00,9.561136025100130942e-01,4.965611279105659748e-02,1.456180971408363778e+00,5.000000000000000000e-01,1.027029728087165417e-01
6.049999999999986500e+00,9.588451433689085812e-01,7.450643843351417717e-02,1.461316120048799627e+00,5.000000000000000000e-01,9.756220915548918793e-02
6.099999999999986322e+00,9.614554295754198510e-01,9.936979311304398876e-02,1.466194230506574048e+00,5.000000000000000000e-01,9.274629671111023210e-02
6.149999999999986144e+00,9.639503889250130575e-01,1.242449851292652396e-01,1.470831545342129454e+00,5.000000000000000000e-01,8.823595834030462104e-02
6.199999999999985967e+00,9.663355800294370912e-01,1.491309422817513886e-01,1.475243343259144746e+00,5.000000000000000000e-01,8.401329075924923728e-02
6.249999999999985789e+00,9.686162128395825466e-01,1.740266992291769621e-01,1.479444007797107163e+00,5.000000000000000000e-01,8.006169055861833694e-02
6.299999999999985612e+00,9.707971678232623081e-01,1.989313862450614034e-01,1.483447092325038019e+00,5.000000000000000000e-01,7.636578829320139761e-02
6.349999999999985434e+00,9.728830138367835501e-01,2.238442192113837548e-01,1.487265381739698134e+00,5.000000000000000000e-01,7.291139073673015558e-02
6.399999999999985256e+00,9.748780247259223319e-01,2.487644907097486535e-01,1.490910951276534613e+00,5.000000000000000000e-01,6.968543156413366246e-02
6.449999999999985079e+00,9.767861946871922996e-01,2.736915620860436715e-01,1.494395222854741245e+00,5.000000000000000000e-01,6.667593092621026951e-02
6.499999999999984901e+00,9.786112524140523350e-01,2.986248563788889143e-01,1.497729019401051742e+00,5.000000000000000000e-01,6.387196463865352225e-02
6.549999999999984723e+00,9.803566740447582362e-01,3.235638520148615971e-01,1.500922617632984402e+00,5.000000000000000000e-01,6.126364403945183668e-02
6.599999999999984546e+00,9.820256949186498829e-01,3.485080771846782444e-01,1.503985799834957060e+00,5.000000000000000000e-01,5.884210800562482413e-02
6.649999999999984368e+00,9.836213201353346536e-01,3.734571048244055835e-01,1.506927905235238230e+00,5.000000000000000000e-01,5.659952920471966742e-02
6.699999999999984190e+00,9.851463338958457161e-01,3.984105481345031063e-01,1.509757881695474202e+00,4.814182381207012806e-01,5.452913745052401229e-02
6.749999999999984013e+00,9.865491613091670331e-01,4.224405476192416575e-01,1.512484338568000464e+00,4.621728480788793725e-01,5.254064907145507279e-02
6.799999999999983835e+00,9.878353001192756722e-01,4.455133714757723018e-01,1.515111371021573117e+00,4.436960409183587917e-01,5.062470479255608280e-02
6.849999999999983658e+00,9.890139496943446407e-01,4.676668413393343937e-01,1.517642606261200955e+00,4.259572073237103407e-01,4.877865480654886010e-02
6.899999999999983480e+00,9.900936032147351629e-01,4.889373186365988944e-01,1.520081539001528315e+00,4.089269477876880110e-01,4.699994643798066640e-02
6.949999999999983302e+00,9.910821010423317423e-01,5.093597571200959573e-01,1.522431536323427315e+00,3.925770258016190728e-01,4.528612054664638009e-02
6.999999999999983125e+00,9.919866801062779960e-01,5.289677539500932113e-01,1.524695842350759722e+00,3.768803227462333427e-01,4.363480806797281897e-02
7.049999999999982947e+00,9.928140195980467153e-01,5.477935993108896673e-01,1.526877582754158302e+00,3.618107944335878789e-01,4.204372668475875319e-02
7.099999999999982769e+00,9.935702832477638635e-01,5.658683245567620590e-01,1.528979769088396168e+00,3.473434292506867305e-01,4.051067762492410740e-02
7.149999999999982592e+00,9.942611584341318753e-01,5.832217488898995272e-01,1.531005302969642434e+00,3.334542078555671196e-01,3.903354258018975481e-02
7.199999999999982414e+00,9.948918923620653221e-01,5.998825245787327010e-01,1.532956980098652000e+00,3.201200643769813170e-01,3.761028074082950479e-02
7.249999999999982236e+00,9.954673255251875741e-01,6.158781807302191602e-01,1.534837494135693481e+00,3.073188490693229968e-01,3.623892594187416716e-02
7.299999999999982059e+00,9.959919226545528304e-01,6.312351656340046135e-01,1.536649440432787284e+00,2.950292923750991725e-01,3.491758391634813830e-02
7.349999999999981881e+00,9.964698013402831789e-01,6.459788877000266494e-01,1.538395319628604652e+00,2.832309703480181962e-01,3.364442965132297125e-02
7.399999999999981704e+00,9.969047584991698185e-01,6.601337550141569421e-01,1.540077541111170900e+00,2.719042713906207887e-01,3.241770484275364322e-02
7.449999999999981526e+00,9.973002948486165975e-01,6.737232135389631393e-01,1.541698426353308671e+00,2.610303642613193698e-01,3.123571544524849503e-02
7.499999999999981348e+00,9.976596375355328838e-01,6.867697839886771627e-01,1.543260212125571185e+00,2.505911673067062195e-01,3.009682931308432785e-02
7.549999999999981171e+00,9.979857610578561911e-01,6.992950974090483829e-01,1.544765053591225401e+00,2.405693188760358869e-01,2.899947392893342801e-02
7.599999999999980993e+00,9.982814066062424274e-01,7.113199294939849260e-01,1.546215027287672017e+00,2.309481488758699241e-01,2.794213421693370059e-02
7.649999999999980815e+00,9.985490999440490567e-01,7.228642336717979733e-01,1.547612133998518713e+00,2.217116514239767522e-01,2.692335043685445406e-02
7.699999999999980638e+00,9.987911679350067740e-01,7.339471729944966327e-01,1.548958301520361402e+00,2.128444585627078389e-01,2.594171615626583716e-02
7.749999999999980460e+00,9.990097538198774441e-01,7.445871508639786418e-01,1.550255387328174805e+00,2.043318149932052408e-01,2.499587629773425412e-02
7.799999999999980282e+00,9.992068313358865028e-01,7.548018406291514548e-01,1.551505181143061574e+00,1.961595537929374800e-01,2.408452525819237966e-02
7.849999999999980105e+00,9.993842177657579207e-01,7.646082140880356981e-01,1.552709407405971298e+00,1.883140730801970419e-01,2.320640509775262830e-02
7.899999999999979927e+00,9.995435859967276571e-01,7.740225689287612010e-01,1.553869727660858846e+00,1.807823135903268430e-01,2.236030379533548995e-02
7.949999999999979750e+00,9.996864756639313176e-01,7.830605551431059075e-01,1.554987742850625576e+00,1.735517371295634548e-01,2.154505356859648391e-02
7.999999999999979572e+00,9.998143034470220458e-01,7.917372004458478330e-01,1.556064995529055306e+00,1.666103058734944020e-01,2.075952925573620877e-02
8.049999999999979394e+00,9.999283725837406767e-01,8.000669347327381553e-01,1.557102971991842111e+00,1.599464624782178934e-01,2.000264675686347707e-02
8.099999999999980105e+00,1.000029881659405984e+00,8.080636136093591881e-01,1.558103104329685351e+00,1.535491109733657933e-01,1.927336153268821226e-02
8.149999999999980815e+00,1.000119932726889038e+00,8.157405410225253561e-01,1.559066772406319856e+00,1.474075984072042711e-01,1.857066715839894577e-02
8.199999999999981526e+00,1.000199538807556854e+00,8.231104910252302620e-01,1.559995305764239726e+00,1.415116972150548269e-01,1.789359393066635925e-02
8.249999999999982236e+00,1.000269630819892619e+00,8.301857287054442702e-01,1.560889985460772955e+00,1.358515882832851129e-01,1.724120752578772731e-02
8.299999999999982947e+00,1.000331063979005952e+00,8.369780303083391715e-01,1.561752045837062397e+00,1.304178446821004089e-01,1.661260770707817525e-02
8.349999999999983658e+00,1.000384623707006870e+00,8.434987025807623162e-01,1.562582676222416200e+00,1.252014160413229271e-01,1.600692707967977038e-02
8.399999999999984368e+00,1.000431031091220113e+00,8.497586013660121118e-01,1.563383022576400272e+00,1.201936135442770309e-01,1.542332989101502516e-02
8.449999999999985079e+00,1.000470947924445131e+00,8.557681494761867347e-01,1.564154189070950940e+00,1.153860955158009516e-01,1.486101087521396469e-02
8.499999999999985789e+00,1.000504981358896206e+00,8.615373538685872079e-01,1.564897239614711610e+00,1.107708535812865769e-01,1.431919413987259304e-02
8.549999999999986500e+00,1.000533688203083083e+00,8.670758221518686248e-01,1.565613199321705284e+00,1.063401993744973739e-01,1.379713209358246484e-02
8.599999999999987210e+00,1.000557578888692900e+00,8.723927784468423763e-01,1.566303055926384413e+00,1.020867517727428453e-01,1.329410441272849130e-02
8.649999999999987921e+00,1.000577121132498304e+00,8.774970786260521960e-01,1.566967761147020743e+00,9.800342463878523869e-02,1.280941704609450671e-02
8.699999999999988631e+00,1.000592743316436328e+00,8.823972249554686842e-01,1.567608231999325419e+00,9.408341504962947077e-02,1.234240125590702064e-02
8.749999999999989342e+00,1.000604837607255826e+00,8.871013801608835792e-01,1.568225352062120770e+00,9.032019199309437862e-02,1.189241269394025746e-02
8.799999999999990052e+00,1.000613762835524723e+00,8.916173809408296513e-01,1.568819972696817722e+00,8.670748551378851254e-02,1.145883051142449101e-02
8.849999999999990763e+00,1.000619847152292463e+00,8.959527509471150175e-01,1.569392914222389024e+00,8.323927629080984936e-02,1.104105650149067586e-02
8.899999999999991473e+00,1.000623390480326336e+00,9.001147132533320327e-01,1.569944967047463447e+00,7.990978563016691572e-02,1.063851427297135555e-02
8.949999999999992184e+00,1.000624666775562721e+00,9.041102023309942615e-01,1.570476892761111909e+00,7.671346585556765296e-02,1.025064845439471739e-02
8.999999999999992895e+00,1.000623926113233919e+00,9.079458755522622493e-01,1.570989425183831667e+00,7.364499108185154630e-02,9.876923927067404740e-03
9.049999999999993605e+00,1.000621396612040082e+00,9.116281242375412486e-01,1.571483271380184954e+00,7.069924835594743051e-02,9.516825086185898286e-03
9.099999999999994316e+00,1.000617286208723478e+00,9.151630842655790188e-01,1.571959112634494282e+00,6.787132915082293161e-02,9.169855128920989529e-03
9.149999999999995026e+00,1.000611784294471951e+00,9.185566462630513351e-01,1.572417605390940221e+00,6.515652119845423418e-02,8.835535368530766931e-03
9.199999999999995737e+00,1.000605063223710234e+00,9.218144653900010033e-01,1.572859382159366826e+00,6.255030064838909554e-02,8.513404573507576956e-03
9.249999999999996447e+00,1.000597279705041087e+00,9.249419707368944366e-01,1.573285052388042171e+00,6.004832453899650035e-02,8.203018330862675220e-03
9.299999999999997158e+00,1.000588576083358605e+00,9.279443743484732110e-01,1.573695203304585233e+00,5.764642356900274989e-02,7.903948432648966183e-03
9.349999999999997868e+00,1.000579081521473901e+00,9.308266798890147964e-01,1.574090400726217753e+00,5.534059515739436080e-02,7.615782284904781818e-03
9.399999999999998579e+00,1.000568913088957457e+00,9.335936909630649927e-01,1.574471189840463081e+00,5.312699678023866806e-02,7.338122338139130285e-03
9.449999999999999289e+00,1.000558176765324658e+00,9.362500191051764675e-01,1.574838095957370010e+00,5.100193957341913470e-02,7.070585538649587498e-03
9.500000000000000000e+00,1.000546968364142586e+00,9.388000914516736461e-01,1.575191625234302562e+00,4.896188219071571229e-02,6.812802799821215949e-03
9.550000000000000711e+00,1.000535374384143861e+00,9.412481581069694903e-01,1.575532265374293583e+00,4.700342490707571513e-02,6.564418492751022960e-03
9.600000000000001421e+00,1.000523472792966606e+00,9.435982992164808625e-01,1.575860486298931162e+00,4.512330395732014332e-02,6.325089955447227297e-03
9.650000000000002132e+00,1.000511333748714371e+00,9.458544317577262106e-01,1.576176740796703557e+00,4.331838610091601205e-02,6.094487019945193929e-03
9.700000000000002842e+00,1.000499020264134620e+00,9.480203160607459933e-01,1.576481465147700822e+00,4.158566340381267962e-02,5.872291556677566859e-03
9.750000000000003553e+00,1.000486588817848910e+00,9.500995620685529497e-01,1.576775079725534656e+00,0.000000000000000000e+00,0.000000000000000000e+00
9.800000000000004263e+00,1.000486588817848910e+00,9.500995620685529497e-01,1.576775079725534656e+00,0.000000000000000000e+00,1.500000000000000000e+00
9.850000000000004974e+00,1.000486588817848910e+00,9.500995620685529497e-01,1.651775079725534612e+00,0.000000000000000000e+00,1.500000000000000000e+00
9.900000000000005684e+00,1.000486588817848910e+00,9.500995620685529497e-01,1.726775079725534567e+00,0.000000000000000000e+00,1.500000000000000000e+00
9.950000000000006395e+00,1.000486588817848910e+00,9.500995620685529497e-01,1.801775079725534523e+00,0.000000000000000000e+00,1.500000000000000000e+00
1.000000000000000711e+01,1.000486588817848910e+00,9.500995620685529497e-01,1.876775079725534479e+00,0.000000000000000000e+00,1.500000000000000000e+00
1.005000000000000782e+01,1.000486588817848910e+00,9.500995620685529497e-01,1.951775079725534434e+00,0.000000000000000000e+00,1.500000000000000000e+00
1.010000000000000853e+01,1.000486588817848910e+00,9.500995620685529497e-01,2.026775079725534390e+00,0.000000000000000000e+00,1.500000000000000000e+00
1.015000000000000924e+01,1.000486588817848910e+00,9.500995620685529497e-01,2.101775079725534567e+00,0.000000000000000000e+00,1.484974052029504055e+00
1.020000000000000995e+01,1.000486588817848910e+00,9.500995620685529497e-01,2.176023782327009659e+00,0.000000000000000000e+00,1.373600998127291417e+00
1.025000000000001066e+01,1.000486588817848910e+00,9.500995620685529497e-01,2.244703832233374108e+00,0.000000000000000000e+00,1.270580923267744966e+00
1.030000000000001137e+01,1.000486588817848910e+00,9.500995620685529497e-01,2.308232878396761389e+00,0.000000000000000000e+00,1.175287354022663822e+00
1.035000000000001208e+01,1.000486588817848910e+00,9.500995620685529497e-01,2.366997246097894525e+00,0.000000000000000000e+00,1.087140802470964118e+00
1.040000000000001279e+01,1.000486588817848910e+00,9.500995620685529497e-01,2.421354286221442553e+00,0.000000000000000000e+00,1.005605242285642076e+00
1.045000000000001350e+01,1.000486588817848910e+00,9.500995620685529497e-01,2.471634548335724713e+00,0.000000000000000000e+00,9.301848491142190589e-01
1.050000000000001421e+01,1.000486588817848910e+00,9.500995620685529497e-01,2.518143790791435688e+00,0.000000000000000000e+00,8.604209854306523741e-01
1.055000000000001492e+01,1.000486588817848910e+00,9.500995620685529497e-01,2.561164840062968295e+00,0.000000000000000000e+00,7.958894115233534627e-01
1.060000000000001563e+01,1.000486588817848910e+00,9.500995620685529497e-01,2.600959310639135769e+00,0.000000000000000000e+00,7.361977056591021418e-01
1.065000000000001634e+01,1.000486588817848910e+00,9.500995620685529497e-01,2.637769195922091026e+00,0.000000000000000000e+00,6.809828777346693673e-01
1.070000000000001705e+01,1.000486588817848910e+00,9.500995620685529497e-01,2.671818339808824661e+00,0.000000000000000000e+00,6.299091619045689150e-01
1.075000000000001776e+01,1.000486588817848910e+00,9.500995620685529497e-01,2.703313797904053128e+00,0.000000000000000000e+00,5.826659747617262131e-01
1.080000000000001847e+01,1.000486588817848910e+00,9.500995620685529497e-01,2.732447096642139250e+00,0.000000000000000000e+00,5.389660266545969192e-01
1.085000000000001918e+01,1.000486588817848910e+00,9.500995620685529497e-01,2.759395397974869102e+00,0.000000000000000000e+00,4.985435746555022529e-01
1.090000000000001990e+01,1.000486588817848910e+00,9.500995620685529497e-01,2.784322576707644270e+00,0.000000000000000000e+00,4.611528065563395007e-01
1.095000000000002061e+01,1.000486588817848910e+00,9.500995620685529497e-01,2.807380217035461367e+00,0.000000000000000000e+00,4.265663460646138549e-01
1.100000000000002132e+01,1.000486588817848910e+00,9.500995620685529497e-01,2.828708534338692182e+00,0.000000000000000000e+00,3.945738701097676326e-01
1.105000000000002203e+01,1.000486588817848910e+00,9.500995620685529497e-01,2.848437227844180519e+00,0.000000000000000000e+00,3.649808298515351268e-01
1.110000000000002274e+01,1.000486588817848910e+00,9.500995620685529497e-01,2.866686269336757409e+00,0.000000000000000000e+00,3.376072676126698480e-01
1.115000000000002345e+01,1.000486588817848910e+00,9.500995620685529497e-01,2.883566632717390998e+00,0.000000000000000000e+00,3.122867225417194081e-01
1.120000000000002416e+01,1.000486588817848910e+00,9.500995620685529497e-01,2.899180968844476958e+00,0.000000000000000000e+00,2.888652183510904692e-01
1.125000000000002487e+01,1.000486588817848910e+00,9.500995620685529497e-01,2.913624229762031614e+00,0.000000000000000000e+00,2.672003269747584842e-01
1.130000000000002558e+01,1.000486588817848910e+00,9.500995620685529497e-01,2.926984246110769572e+00,0.000000000000000000e+00,2.471603024516515479e-01
1.135000000000002629e+01,1.000486588817848910e+00,9.500995620685529497e-01,2.939342261233352183e+00,0.000000000000000000e+00,2.286232797677776318e-01
1.140000000000002700e+01,1.000486588817848910e+00,9.500995620685529497e-01,2.950773425221741242e+00,0.000000000000000000e+00,2.114765337851939875e-01
1.145000000000002771e+01,1.000486588817848910e+00,9.500995620685529497e-01,2.961347251911000900e+00,0.000000000000000000e+00,1.956157937513045564e-01
1.150000000000002842e+01,1.000486588817848910e+00,9.500995620685529497e-01,2.971128041598566139e+00,0.000000000000000000e+00,1.809446092199567258e-01
1.155000000000002913e+01,1.000486588817848910e+00,9.500995620685529497e-01,2.980175272059563785e+00,0.000000000000000000e+00,1.673737635284602565e-01
1.160000000000002984e+01,1.000486588817848910e+00,9.500995620685529497e-01,2.988543960235986674e+00,0.000000000000000000e+00,1.548207312638258948e-01
1.165000000000003055e+01,1.000486588817848910e+00,9.500995620685529497e-01,2.996284996799178035e+00,0.000000000000000000e+00,1.432091764190388528e-01
1.170000000000003126e+01,1.000486588817848910e+00,9.500995620685529497e-01,3.003445455620129767e+00,0.000000000000000000e+00,1.324684881876112552e-01
1.175000000000003197e+01,1.000486588817848910e+00,9.500995620685529497e-01,3.010068880029510119e+00,0.000000000000000000e+00,1.225333515735406997e-01
1.180000000000003268e+01,1.000486588817848910e+00,9.500995620685529497e-01,3.016195547608186978e+00,5.000000000000000000e-01,1.133433502055254394e-01
1.185000000000003340e+01,9.756655655850787756e-01,9.530856641562730491e-01,3.021862715118463161e+00,5.000000000000000000e-01,1.075237536952116102e-01
1.190000000000003411e+01,9.508288472894175225e-01,9.559382812532497553e-01,3.027238902803223830e+00,5.000000000000000000e-01,1.020698293862800643e-01
1.195000000000003482e+01,9.259778941931589014e-01,9.586641077714920245e-01,3.032342394272538044e+00,5.000000000000000000e-01,9.695942715729644057e-02
1.200000000000003553e+01,9.011140184530220809e-01,9.612694260205804087e-01,3.037190365630402678e+00,5.000000000000000000e-01,9.217193383297206388e-02
1.205000000000003624e+01,8.762383999378176025e-01,9.637601294324737999e-01,3.041798962322051381e+00,5.000000000000000000e-01,8.768818334684701232e-02
1.210000000000003695e+01,8.513521002868961185e-01,9.661417443645200498e-01,3.046183371489393554e+00,5.000000000000000000e-01,8.349037510156186170e-02
1.215000000000003766e+01,8.264560754102144857e-01,9.684194505219622107e-01,3.050357890244471459e+00,5.000000000000000000e-01,7.956200037453030338e-02
1.220000000000003837e+01,8.015511866075434311e-01,9.705981000409508175e-01,3.054335990263198131e+00,5.000000000000000000e-01,7.588777673053104245e-02
1.225000000000003908e+01,7.766382104637367112e-01,9.726822352712366504e-01,3.058130379099724738e+00,5.000000000000000000e-01,7.245359053653976922e-02
1.230000000000003979e+01,7.517178476587805802e-01,9.746761052944222792e-01,3.061753058626551560e+00,5.000000000000000000e-01,6.924644783584987806e-02
1.235000000000004050e+01,7.267907308152621315e-01,9.765836812089216945e-01,3.065215381018344232e+00,5.000000000000000000e-01,6.625443403895037164e-02
1.240000000000004121e+01,7.018574314916955492e-01,9.784086702065420971e-01,3.068528102720291528e+00,5.000000000000000000e-01,6.346668314248415932e-02
1.245000000000004192e+01,6.769184664176022270e-01,9.801545284577052319e-01,3.071701436877415592e+00,5.000000000000000000e-01,6.087335751559264096e-02
1.250000000000004263e+01,6.519743030551650165e-01,9.818244728124805309e-01,3.074745104753195069e+00,5.000000000000000000e-01,5.846563972438079126e-02
1.255000000000004334e+01,6.270253645624959127e-01,9.834214913123782154e-01,3.077668386739413897e+00,5.000000000000000000e-01,5.623573844215412620e-02
1.260000000000004405e+01,6.020720342249178403e-01,9.849483524926128108e-01,3.080480173661521714e+00,4.818081188114072266e-01,5.417691127661417028e-02
1.265000000000004476e+01,5.780227026077475738e-01,9.863545200320064099e-01,3.083189019225352379e+00,4.625469966027817570e-01,5.220127308081499995e-02
1.270000000000004547e+01,5.549313402648365923e-01,9.876442081005046836e-01,3.085799082879393307e+00,4.440551014469021895e-01,5.029770958150357740e-02
1.275000000000004619e+01,5.327600903122786669e-01,9.888265821292050450e-01,3.088313968358468387e+00,4.263017966438051309e-01,4.846358818079221642e-02
1.280000000000004690e+01,5.114725579616500317e-01,9.899101046141041138e-01,3.090737147767507853e+00,4.092576565728591742e-01,4.669637277509642442e-02
1.285000000000004761e+01,4.910337578511453915e-01,9.909025882167925570e-01,3.093071966406262696e+00,3.928944198132179877e-01,4.499362018286313242e-02
1.290000000000004832e+01,4.714100628415632266e-01,9.918112449021329047e-01,3.095321647415405941e+00,3.771849439695826867e-01,4.335297670826476768e-02
1.295000000000004903e+01,4.525691542888969354e-01,9.926427314043738681e-01,3.097489296250819368e+00,3.621031621535106271e-01,4.177217483529971354e-02
1.300000000000004974e+01,4.344799737971534181e-01,9.934031912922409724e-01,3.099577904992584454e+00,3.476240410704892758e-01,4.024903004699931230e-02
1.305000000000005045e+01,4.171126764480465599e-01,9.940982938840560168e-01,3.101590356494934309e+00,3.337235406632087509e-01,3.878143776469289428e-02
1.310000000000005116e+01,4.004385854982525639e-01,9.947332702457964970e-01,3.103529428383168920e+00,3.203785752618500404e-01,3.736737040253257369e-02
1.315000000000005187e+01,3.844301485298561860e-01,9.953129464881180777e-01,3.105397796903295760e+00,3.075669761927615209e-01,3.600487453268220311e-02
1.320000000000005258e+01,3.690608950353473361e-01,9.958417745626606532e-01,3.107198040629929991e+00,2.952674557975714653e-01,3.469206815678393258e-02
1.325000000000005329e+01,3.543053954149579243e-01,9.963238607433535510e-01,3.108932644037769144e+00,2.834595728155775984e-01,3.342713807953456850e-02
1.330000000000005400e+01,3.401392213611680315e-01,9.967629919648632875e-01,3.110604000941745717e+00,2.721236990831353286e-01,3.220833738035189242e-02
1.335000000000005471e+01,3.265389076027890303e-01,9.971626601777208165e-01,3.112214417810763134e+00,2.612409875047205232e-01,3.103398297932180583e-02
1.340000000000005542e+01,3.134819149790784021e-01,9.975260848679533554e-01,3.113766116959729047e+00,2.507933412513571048e-01,2.990245329376683969e-02
1.345000000000005613e+01,3.009465948128002832e-01,9.978562338781754582e-01,3.115261239624417478e+00,2.407633841431605914e-01,2.881218598192503144e-02
1.350000000000005684e+01,2.889121545499622745e-01,9.981558426570033005e-01,3.116701848923513651e+00,2.311344321738422747e-01,2.776167577039512224e-02
1.355000000000005755e+01,2.773586246330888017e-01,9.984274320542932957e-01,3.118089932712033274e+00,2.218904661361402741e-01,2.674947236212866369e-02
1.360000000000005826e+01,2.662668265742912932e-01,9.986733247710215533e-01,3.119427406330139707e+00,2.130161053082804123e-01,2.577417842190077302e-02
1.365000000000005898e+01,2.556183421940294576e-01,9.988956605645642473e-01,3.120716115251234601e+00,2.044965821627150460e-01,2.483444763629671925e-02
1.370000000000005969e+01,2.453954839912942665e-01,9.990964103026709342e-01,3.121957837633049238e+00,1.963177180595376825e-01,2.392898284538769182e-02
1.375000000000006040e+01,2.355812666109542985e-01,9.992773889524987352e-01,3.123154286775318589e+00,1.884658998881187653e-01,2.305653424338749424e-02
1.380000000000006111e+01,2.261593793741644987e-01,9.994402675846559836e-01,3.124307113487487797e+00,1.809280576216464043e-01,2.221589764567677427e-02
1.385000000000006182e+01,2.171141598380220694e-01,9.995865844662585875e-01,3.125417908369771514e+00,1.736916427503845117e-01,2.140591281969750348e-02
1.390000000000006253e+01,2.084305683510462026e-01,9.997177553114880988e-01,3.126488204010756444e+00,1.667446075605768518e-01,2.062546187731095770e-02
1.395000000000006324e+01,2.000941635715392519e-01,9.998350827530387841e-01,3.127519477104621970e+00,1.600753852270205835e-01,1.987346772632503367e-02
1.400000000000006395e+01,1.920910789164437527e-01,9.999397650931082238e-01,3.128513150490938255e+00,1.536728706884125106e-01,1.914889257896668084e-02
1.405000000000006466e+01,1.844079999089265065e-01,1.000032904388207244e+00,3.129470595119886678e+00,1.475264022756266336e-01,1.845073651516885432e-02
1.410000000000006537e+01,1.770321423935889704e-01,1.000115513918008014e+00,3.130393131945645280e+00,1.416257440641167376e-01,1.777803609863407713e-02
1.415000000000006608e+01,1.699512315889095404e-01,1.000188525084694025e+00,3.131282033750577121e+00,1.359610689226464497e-01,1.712986304371436758e-02
1.420000000000006679e+01,1.631534819472611753e-01,1.000252793785794125e+00,3.132138526902762621e+00,1.305229422315348775e-01,1.650532293119503016e-02
1.425000000000006750e+01,1.566275777936089741e-01,1.000309106300268036e+00,3.132963793049322376e+00,1.253023062445645930e-01,1.590355397118862341e-02
1.430000000000006821e+01,1.503626547147692005e-01,1.000358184724625898e+00,3.133758970747881900e+00,1.202904650696334787e-01,1.532372581139355289e-02
1.435000000000006892e+01,1.443482816718994755e-01,1.000400691993106328e+00,3.134525157038451582e+00,1.154790702441362699e-01,1.476503838900581483e-02
1.440000000000006963e+01,1.385744438096831455e-01,1.000437236513385564e+00,3.135263408957901898e+00,1.108601068819449892e-01,1.422672082470769622e-02
1.445000000000007034e+01,1.330315259364660274e-01,1.000468376446924879e+00,3.135974744999137087e+00,1.064258803697090833e-01,1.370803035715476709e-02
1.450000000000007105e+01,1.277102966503960435e-01,1.000494623660876270e+00,3.136660146516994985e+00,1.021690035910244182e-01,1.320825131646766876e-02
1.455000000000007176e+01,1.226018930874034213e-01,1.000516447376444074e+00,3.137320559082818150e+00,9.808238465782197213e-02,1.272669413530583965e-02
1.460000000000007248e+01,1.176978062676380110e-01,1.000534277536724304e+00,3.137956893789583646e+00,9.415921512910166435e-02,1.226269439609632000e-02
1.465000000000007319e+01,1.129898670177489212e-01,1.000548507915315577e+00,3.138570028509388266e+00,9.039295869788709081e-02,1.181561191315997662e-02
1.470000000000007390e+01,1.084702324471477214e-01,1.000559498985385654e+00,3.139160809105046468e+00,8.677734032800188402e-02,1.138482984835623851e-02
1.475000000000007461e+01,1.041313729571392288e-01,1.000567580567400805e+00,3.139730050597464128e+00,8.330633582296825823e-02,1.096975385909929740e-02
1.480000000000007532e+01,9.996605976253103432e-02,1.000573054272347440e+00,3.140278538290419252e+00,7.997416181000455149e-02,1.056981127750270671e-02
1.485000000000007603e+01,9.596735290604450908e-02,1.000576195756010200e+00,3.140807028854294192e+00,7.677526612275090145e-02,1.018445031952534136e-02
1.490000000000007674e+01,9.212858974654423994e-02,1.000577256798694803e+00,3.141316251370270596e+00,7.370431856698199391e-02,9.813139323019560989e-03
1.495000000000007745e+01,8.844337390278023125e-02,1.000576467223695865e+00,-3.141378398843165165e+00,7.075620205417239295e-02,9.455366013619403986e-03
1.500000000000007816e+01,8.490556463499594753e-02,1.000574036666809441e+00,-3.140905630542484062e+00,6.792600408836577119e-02,9.110636797441173940e-03
1.505000000000007887e+01,8.150926664739634175e-02,1.000570156208256734e+00,-3.140450098702611825e+00,6.520900859236268554e-02,8.778476079630337381e-03
1.510000000000007958e+01,7.824882029509264147e-02,1.000564999877528116e+00,-3.140011174898630131e+00,6.260068805978571960e-02,8.458425607781538957e-03
1.515000000000008029e+01,7.511879217974447298e-02,1.000558726040860824e+00,-3.139588253618240898e+00,6.009669602010347250e-02,8.150043839334264462e-03
1.520000000000008100e+01,7.211396611870581064e-02,1.000551478680330009e+00,-3.139180751426274174e+00,5.769285980419946308e-02,7.852905332081050460e-03
1.525000000000008171e+01,6.922933447304834009e-02,1.000543388572850523e+00,-3.138788106159670299e+00,5.538517359855681804e-02,7.566600156912572928e-03
1.530000000000008242e+01,6.646008982038527357e-02,1.000534574376760633e+00,-3.138409776151824815e+00,5.316979177659716949e-02,7.290733332003584977e-03
1.535000000000008313e+01,6.380161695894953633e-02,1.000525143633075986e+00,-3.138045239485224513e+00,5.104302249616104320e-02,7.024924277662325522e-03
1.540000000000008384e+01,6.124948522989413779e-02,1.000515193687964821e+00,-3.137693993271341242e+00,4.900132155255008254e-02,6.768806291062690050e-03
1.545000000000008455e+01,5.879944114527854704e-02,1.000504812542498678e+00,-3.137355552956788252e+00,4.704128647696712018e-02,6.522026040153061643e-03
1.550000000000008527e+01,5.644740130968419617e-02,1.000494079635273037e+00,-3.137029451654780754e+00,4.515965087059042871e-02,6.284243076022377750e-03
1.555000000000008598e+01,5.418944562386468489e-02,1.000483066563068402e+00,-3.136715239500979635e+00,4.335327896490334676e-02,6.055129363095268502e-03
1.560000000000008669e+01,5.202181075928267312e-02,1.000471837744325798e+00,-3.136412483032824827e+00,4.161916039927063271e-02,5.834368826413527387e-03
1.565000000000008740e+01,4.994088389281569479e-02,1.000460451029853370e+00,-3.136120764591504351e+00,0.000000000000000000e+00,0.000000000000000000e+00
1.570000000000008811e+01,4.994088389281569479e-02,1.000460451029853370e+00,-3.136120764591504351e+00,0.000000000000000000e+00,1.500000000000000000e+00
1.575000000000008882e+01,4.994088389281569479e-02,1.000460451029853370e+00,-3.061120764591504173e+00,0.000000000000000000e+00,1.500000000000000000e+00
1.580000000000008953e+01,4.994088389281569479e-02,1.000460451029853370e+00,-2.986120764591503995e+00,0.000000000000000000e+00,1.500000000000000000e+00
1.585000000000009024e+01,4.994088389281569479e-02,1.000460451029853370e+00,-2.911120764591503818e+00,0.000000000000000000e+00,1.500000000000000000e+00
1.590000000000009095e+01,4.994088389281569479e-02,1.000460451029853370e+00,-2.836120764591503640e+00,0.000000000000000000e+00,1.500000000000000000e+00
1.595000000000009166e+01,4.994088389281569479e-02,1.000460451029853370e+00,-2.761120764591503463e+00,0.000000000000000000e+00,1.500000000000000000e+00
1.600000000000009237e+01,4.994088389281569479e-02,1.000460451029853370e+00,-2.686120764591503285e+00,0.000000000000000000e+00,1.500000000000000000e+00
1.605000000000009308e+01,4.994088389281569479e-02,1.000460451029853370e+00,-2.611120764591503107e+00,0.000000000000000000e+00,1.485671907787195156e+00
1.610000000000009379e+01,4.994088389281569479e-02,1.000460451029853370e+00,-2.536837169202143194e+00,0.000000000000000000e+00,1.374246514703155508e+00
1.615000000000009450e+01,4.994088389281569479e-02,1.000460451029853370e+00,-2.468124843466985574e+00,0.000000000000000000e+00,1.271178026100419078e+00
1.620000000000009521e+01,4.994088389281569479e-02,1.000460451029853370e+00,-2.404565942161964731e+00,0.000000000000000000e+00,1.175839674142887592e+00
1.625000000000009592e+01,4.994088389281569479e-02,1.000460451029853370e+00,-2.345773958454820285e+00,0.000000000000000000e+00,1.087651698582170923e+00
1.630000000000009663e+01,4.994088389281569479e-02,1.000460451029853370e+00,-2.291391373525711650e+00,0.000000000000000000e+00,1.006077821188508192e+00
1.635000000000009734e+01,4.994088389281569479e-02,1.000460451029853370e+00,-2.241087482466286307e+00,0.000000000000000000e+00,9.306219845993700668e-01
1.640000000000009805e+01,4.994088389281569479e-02,1.000460451029853370e+00,-2.194556383236317743e+00,0.000000000000000000e+00,8.608253357544172202e-01
1.645000000000009877e+01,4.994088389281569479e-02,1.000460451029853370e+00,-2.151515116448596832e+00,0.000000000000000000e+00,7.962634355728358537e-01
1.650000000000009948e+01,4.994088389281569479e-02,1.000460451029853370e+00,-2.111701944669955200e+00,0.000000000000000000e+00,7.365436779048735172e-01
1.655000000000010019e+01,4.994088389281569479e-02,1.000460451029853370e+00,-2.074874760774711557e+00,0.000000000000000000e+00,6.813029020620079423e-01
1.660000000000010090e+01,4.994088389281569479e-02,1.000460451029853370e+00,-2.040809615671611343e+00,0.000000000000000000e+00,6.302051844073576214e-01
1.665000000000010161e+01,4.994088389281569479e-02,1.000460451029853370e+00,-2.009299356451243579e+00,0.000000000000000000e+00,5.829397955768059747e-01
1.670000000000010232e+01,4.994088389281569479e-02,1.000460451029853370e+00,-1.980152366672403241e+00,0.000000000000000000e+00,5.392193109085455793e-01
1.675000000000010303e+01,4.994088389281569479e-02,1.000460451029853370e+00,-1.953191401126975979e+00,0.000000000000000000e+00,4.987778625904045748e-01
1.680000000000010374e+01,4.994088389281569479e-02,1.000460451029853370e+00,-1.928252507997455734e+00,0.000000000000000000e+00,4.613695228961242067e-01
1.685000000000010445e+01,4.994088389281569479e-02,1.000460451029853370e+00,-1.905184031852649618e+00,0.000000000000000000e+00,4.267668086789150328e-01
1.690000000000010516e+01,4.994088389281569479e-02,1.000460451029853370e+00,-1.883845691418703838e+00,0.000000000000000000e+00,3.947592980279963637e-01
1.695000000000010587e+01,4.994088389281569479e-02,1.000460451029853370e+00,-1.864107726517304053e+00,0.000000000000000000e+00,3.651523506758966864e-01
1.700000000000010658e+01,4.994088389281569479e-02,1.000460451029853370e+00,-1.845850108983509319e+00,0.000000000000000000e+00,3.377659243752046403e-01
1.705000000000010729e+01,4.994088389281569479e-02,1.000460451029853370e+00,-1.828961812764749117e+00,0.000000000000000000e+00,3.124334800470642826e-01
1.710000000000010800e+01,4.994088389281569479e-02,1.000460451029853370e+00,-1.813340138762395970e+00,0.000000000000000000e+00,2.890009690435345613e-01
1.715000000000010871e+01,4.994088389281569479e-02,1.000460451029853370e+00,-1.798890090310219181e+00,0.000000000000000000e+00,2.673258963652693776e-01
1.720000000000010942e+01,4.994088389281569479e-02,1.000460451029853370e+00,-1.785523795491955612e+00,0.000000000000000000e+00,2.472764541378740244e-01
1.725000000000011013e+01,4.994088389281569479e-02,1.000460451029853370e+00,-1.773159972785061989e+00,0.000000000000000000e+00,2.287307200775335891e-01
1.730000000000011084e+01,4.994088389281569479e-02,1.000460451029853370e+00,-1.761723436781185370e+00,0.000000000000000000e+00,2.115759160717186615e-01
1.735000000000011156e+01,4.994088389281569479e-02,1.000460451029853370e+00,-1.751144640977599476e+00,0.000000000000000000e+00,1.957077223663398202e-01
1.740000000000011227e+01,4.994088389281569479e-02,1.000460451029853370e+00,-1.741359254859282446e+00,0.000000000000000000e+00,1.810296431888642754e-01
1.745000000000011298e+01,4.994088389281569479e-02,1.000460451029853370e+00,-1.732307772699839266e+00,0.000000000000000000e+00,1.674524199496995047e-01
1.750000000000011369e+01,4.994088389281569479e-02,1.000460451029853370e+00,-1.723935151702354229e+00,0.000000000000000000e+00,1.548934884534719780e-01
1.755000000000011440e+01,4.994088389281569479e-02,1.000460451029853370e+00,-1.716190477279680549e+00,0.000000000000000000e+00,1.432764768194614291e-01
1.760000000000011511e+01,4.994088389281569479e-02,1.000460451029853370e+00,-1.709026653438707521e+00,0.000000000000000000e+00,1.325307410580018885e-01
1.765000000000011582e+01,4.994088389281569479e-02,1.000460451029853370e+00,-1.702400116385807349e+00,0.000000000000000000e+00,1.225909354786516303e-01
1.770000000000011653e+01,4.994088389281569479e-02,1.000460451029853370e+00,-1.696270569611874723e+00,5.000000000000000000e-01,1.133966153177526914e-01
1.775000000000011724e+01,4.695293330292476391e-02,9.756396502516276881e-01,-1.690600738845987161e+00,5.000000000000000000e-01,1.075743478597768199e-01
1.780000000000011795e+01,4.409852936366166765e-02,9.508031372485605814e-01,-1.685222021452998264e+00,5.000000000000000000e-01,1.021179212531728719e-01
1.785000000000011866e+01,4.137097473467085673e-02,9.259523737643963193e-01,-1.680116125390339610e+00,5.000000000000000000e-01,9.700517532360797279e-02
1.790000000000011937e+01,3.876398434933957943e-02,9.010886732930105669e-01,-1.675265866624159106e+00,5.000000000000000000e-01,9.221548755844886924e-02
1.795000000000012008e+01,3.627166218215460008e-02,8.762132169109668745e-01,-1.670655092246236650e+00,5.000000000000000000e-01,8.772968322969254551e-02
1.800000000000012079e+01,3.388847943812905300e-02,8.513270673492412399e-01,-1.666268608084751968e+00,5.000000000000000000e-01,8.352995371870086672e-02
1.805000000000012150e+01,3.160925412305230081e-02,8.264311815051280652e-01,-1.662092110398816880e+00,5.000000000000000000e-01,7.959978289054481237e-02
1.810000000000012221e+01,2.942913195358623502e-02,8.015264215720108165e-01,-1.658112121254289750e+00,5.000000000000000000e-01,7.592388147955053679e-02
1.815000000000012292e+01,2.734356856806252969e-02,7.766135649440574218e-01,-1.654315927180312285e+00,5.000000000000000000e-01,7.248812958153916242e-02
1.820000000000012363e+01,2.534831300212584543e-02,7.516933130346845626e-01,-1.650691520701235371e+00,5.000000000000000000e-01,6.927952751009636145e-02
1.825000000000012434e+01,2.343939239809693376e-02,7.267662991315410048e-01,-1.647227544325730486e+00,5.000000000000000000e-01,6.628615547477711978e-02
1.830000000000012506e+01,2.161309792316206194e-02,7.018330953965449259e-01,-1.643913236551991730e+00,5.000000000000000000e-01,6.349714279319518262e-02
1.835000000000012577e+01,1.986597187939468170e-02,6.768942191069606817e-01,-1.640738379412332026e+00,5.000000000000000000e-01,6.090264767718345240e-02
1.840000000000012648e+01,1.819479599846354073e-02,6.519501382224102137e-01,-1.637693247028472854e+00,5.000000000000000000e-01,5.849384906499188741e-02
1.845000000000012719e+01,1.659658092611180844e-02,6.270012763529279054e-01,-1.634768554575223298e+00,5.000000000000000000e-01,5.626295254884527974e-02
1.850000000000012790e+01,1.506855691673689157e-02,6.020480171945178371e-01,-1.631955406947781073e+00,4.817892494710298568e-01,5.420321323137533565e-02
1.855000000000012861e+01,1.366135541498698230e-02,5.779996911363881607e-01,-1.629245246286212367e+00,4.625288924756401077e-01,5.222661547149931582e-02
1.860000000000012932e+01,1.237070143026082307e-02,5.549092893809277616e-01,-1.626633915512637474e+00,4.440377307897141468e-01,5.032212745957176381e-02
1.865000000000013003e+01,1.118742482666164675e-02,5.327389573493236385e-01,-1.624117809139658863e+00,4.262851291063457504e-01,4.848711531268290464e-02
1.870000000000013074e+01,1.010305873767071427e-02,5.114523024118262651e-01,-1.621693453374024818e+00,4.092416631288383622e-01,4.671904168982542876e-02
1.875000000000013145e+01,9.109786441497728926e-03,4.910143412305635890e-01,-1.619357501289533596e+00,3.928790726953781398e-01,4.501546221780683421e-02
1.880000000000013216e+01,8.200392201147861312e-03,4.713914485661124809e-01,-1.617106728178643316e+00,3.771702166086908226e-01,4.337402205320817217e-02
1.885000000000013287e+01,7.368215777635074397e-03,4.525513075596930834e-01,-1.614938027075982996e+00,3.620890291209464262e-01,4.179245257480956877e-02
1.890000000000013358e+01,6.607110345693739499e-03,4.344628614947088630e-01,-1.612848404447242423e+00,3.476104780241615622e-01,4.026856820119717462e-02
1.895000000000013429e+01,5.911403560833124703e-03,4.170962670343673628e-01,-1.610834976037182509e+00,3.337105242965534013e-01,3.880026332849539905e-02
1.900000000000013500e+01,5.275861544729452263e-03,4.004228489261488777e-01,-1.608894962870757839e+00,3.203660832556881055e-01,3.738550938341155677e-02
1.905000000000013571e+01,4.695655572841309078e-03,3.844150561588226545e-01,-1.607025687401587355e+00,3.075549871698127768e-01,3.602235198700765029e-02
1.910000000000013642e+01,4.166331263846077479e-03,3.690464195534348679e-01,-1.605224569802236934e+00,2.952559492794385454e-01,3.470890822480798138e-02
1.915000000000013713e+01,3.683780085103492176e-03,3.542915107661143148e-01,-1.603489124390996556e+00,2.834485291820310615e-01,3.344336401906521788e-02
1.920000000000013785e+01,3.244213001929393408e-03,3.401259026775770855e-01,-1.601816956190043273e+00,2.721130995335444558e-01,3.222397159917111953e-02
1.925000000000013856e+01,2.844136111076241234e-03,3.265261311417833046e-01,-1.600205757610084767e+00,2.612308140214879559e-01,3.104904706639789042e-02
1.930000000000013927e+01,2.480328110531373077e-03,3.134696580642419295e-01,-1.598653305256764856e+00,2.507835765652271509e-01,2.991696804930166209e-02
1.935000000000013998e+01,2.149819468619842446e-03,3.009348357789145556e-01,-1.597157456854299884e+00,2.407540117002812396e-01,2.882617144628830258e-02
1.940000000000014069e+01,1.849873165493109159e-03,2.889008726914820135e-01,-1.595716148281985491e+00,2.311254361044714489e-01,2.777515125198237733e-02
1.945000000000014140e+01,1.577966889451317377e-03,2.773478001558638550e-01,-1.594327390719386450e+00,2.218818312248949653e-01,2.676245646419117552e-02
1.950000000000014211e+01,1.331776579235879540e-03,2.662564405502772513e-01,-1.592989267896176786e+00,2.130078169658349008e-01,2.578668906837722208e-02
1.955000000000014282e+01,1.109161211487514785e-03,2.556083765187540102e-01,-1.591699933442757953e+00,2.044886263988624775e-01,2.484650209669292398e-02
1.960000000000014353e+01,9.081487400371028931e-04,2.453859213438679132e-01,-1.590457608337923379e+00,1.963100814575357012e-01,2.394059775873780271e-02
1.965000000000014424e+01,7.269231006238058160e-04,2.355720904164328999e-01,-1.589260578449986472e+00,1.884585695802444838e-01,2.306772564133052761e-02
1.970000000000014495e+01,5.638122010555839808e-04,2.261505737680889749e-01,-1.588107192167919957e+00,1.809210212658930172e-01,2.222668097468083470e-02
1.975000000000014566e+01,4.172768227774420512e-04,2.171057096329763181e-01,-1.586995858119185865e+00,1.736848885082361849e-01,2.141630296246533130e-02
1.980000000000014637e+01,2.859003653260608628e-04,2.084224590050879622e-01,-1.585925042971062515e+00,1.667381240758026018e-01,2.063547317340008388e-02
1.985000000000014708e+01,1.683793702572792313e-04,2.000863811583717677e-01,-1.584893269312392494e+00,1.600691616054321642e-01,1.988311399200859420e-02
1.990000000000014779e+01,6.351476586432386589e-05,1.920836100972073690e-01,-1.583899113612792009e+00,1.536668964785354863e-01,1.915818712635941959e-02
1.995000000000014850e+01,-2.979622161307851212e-05,1.844008319054997458e-01,-1.582941204256474110e+00,1.475206674502367032e-01,1.845969217065668300e-02
2.000000000000014921e+01,-1.125675405302037211e-04,1.770252629632978469e-01,-1.582018219647941315e+00,1.416202390025966540e-01,1.778666522062533062e-02
2.005000000000014992e+01,-1.857312166129875984e-04,1.699446290005524607e-01,-1.581128886386909960e+00,1.359557843941218980e-01,1.713817753973434499e-02
2.010000000000015064e+01,-2.501437289718890715e-04,1.631471449583642153e-01,-1.580271977509923209e+00,1.305178693787498734e-01,1.651333427436085799e-02
2.015000000000015135e+01,-3.065918991366991153e-04,1.566214956288334015e-01,-1.579446310796205122e+00,1.252974365684605407e-01,1.591127321607888404e-02
2.020000000000015206e+01,-3.557983299130216496e-04,1.503568170453992436e-01,-1.578650747135401211e+00,1.202857904145961387e-01,1.533116360932673672e-02
2.025000000000015277e+01,-3.984264281008509487e-04,1.443426785963439485e-01,-1.577884188954934874e+00,1.154745827838796618e-01,1.477220500277220960e-02
2.030000000000015348e+01,-4.350850425608438323e-04,1.385690658349298665e-01,-1.577145578704796325e+00,1.108557991060008102e-01,1.423362614275403004e-02
2.035000000000015419e+01,-4.663327467493713434e-04,1.330263639604323811e-01,-1.576433897397658601e+00,1.064217450704931650e-01,1.371468390725028019e-02
2.040000000000015490e+01,-4.926817926552451736e-04,1.277053419451234517e-01,-1.575748163202296048e+00,1.021650338514534240e-01,1.321466227887324596e-02
2.045000000000015561e+01,-5.146017610460973998e-04,1.225971372830472195e-01,-1.575087430088352392e+00,9.807857383945441099e-02,1.273287135545153603e-02
2.050000000000015632e+01,-5.325229310587080043e-04,1.176932413372079600e-01,-1.574450786520579904e+00,9.415555686077931030e-02,1.226864639681490843e-02
2.055000000000015703e+01,-5.468393904339111404e-04,1.129854852625584299e-01,-1.573837354200739114e+00,9.038944686485382574e-02,1.182134690644653929e-02
2.060000000000015774e+01,-5.579119060927058759e-04,1.084660264829330895e-01,-1.573246286855416898e+00,8.677396906147853695e-02,1.139035574672175866e-02
2.065000000000015845e+01,-5.660705732662023098e-04,1.041273357008127426e-01,-1.572676769068080738e+00,8.330309949016273530e-02,1.097507828649524342e-02
2.070000000000015916e+01,-5.716172600191896233e-04,9.996218441953423628e-02,-1.572128015153755998e+00,7.997105500453793869e-02,1.057494157984861793e-02
2.075000000000015987e+01,-5.748278627370847658e-04,9.596363295827013695e-02,-1.571599268074763467e+00,7.677228365548127709e-02,1.018939357485504349e-02
2.080000000000016058e+01,-5.759543869712310414e-04,9.212501894079751230e-02,-1.571089798396020809e+00,7.370145545720810376e-02,9.817902351255680671e-03
2.085000000000016129e+01,-5.752268669508065792e-04,8.843994623975189040e-02,-1.570598903278457970e+00,7.075345352120097908e-02,9.459955385988205734e-03
2.090000000000016200e+01,-5.728551360644701732e-04,8.490227435872130246e-02,-1.570125905509158537e+00,6.792336554342635890e-02,9.115058845549526764e-03
2.095000000000016271e+01,-5.690304596851685024e-04,8.150610823517619175e-02,-1.569670152566881027e+00,6.520647563085522902e-02,8.782736904199839323e-03
2.100000000000016342e+01,-5.639270408516848651e-04,7.824578844785325116e-02,-1.569231015721671119e+00,6.259825645384629877e-02,8.462531087071734071e-03
2.105000000000016414e+01,-5.577034085252569138e-04,7.511588181281532439e-02,-1.568807889167317615e+00,6.009436171147491262e-02,8.153999637261153885e-03
2.110000000000016485e+01,-5.505036974041419614e-04,7.211117235299500938e-02,-1.568400189185454652e+00,5.769061889739347804e-02,7.856716906033180473e-03
2.115000000000016556e+01,-5.424588275988565271e-04,6.922665262659677410e-02,-1.568007353340153065e+00,5.538302235429562459e-02,7.570272765283991845e-03
2.120000000000016627e+01,-5.336875918418550668e-04,6.645751540028163595e-02,-1.567628839701888932e+00,5.316772660552252644e-02,7.294272041455385214e-03
2.125000000000016698e+01,-5.242976573237848785e-04,6.379914565358936474e-02,-1.567264126099816135e+00,5.104103995279962031e-02,7.028333970110378637e-03
2.130000000000016769e+01,-5.143864887106321072e-04,6.124711290156698018e-02,-1.566912709401310666e+00,4.899941832952427190e-02,6.772091670415592013e-03
2.135000000000016840e+01,-5.040421983987616221e-04,5.879716382306815481e-02,-1.566574104817789914e+00,4.703945939944110394e-02,6.525191638803273797e-03
2.140000000000016911e+01,-4.933443296050280024e-04,5.644521518266751303e-02,-1.566247845235849701e+00,4.515789689094171222e-02,6.287293261109884804e-03
2.145000000000016982e+01,-4.823645774639705674e-04,5.418734703459614221e-02,-1.565933480572794245e+00,4.335159515761032034e-02,6.058068342519762339e-03
2.150000000000017053e+01,-4.711674529110097863e-04,5.201979619755099649e-02,-1.565630577155668224e+00,4.161754395600719691e-02,5.837200654655427812e-03
2.155000000000017124e+01,-4.598108937671318685e-04,4.993894998966107168e-02,-1.565338717122935375e+00,0.000000000000000000e+00,1.500000000000000000e+00
2.160000000000017195e+01,-4.598108937671318685e-04,4.993894998966107168e-02,-1.490338717122935419e+00,0.000000000000000000e+00,1.500000000000000000e+00
2.165000000000017266e+01,-4.598108937671318685e-04,4.993894998966107168e-02,-1.415338717122935464e+00,0.000000000000000000e+00,1.500000000000000000e+00
2.170000000000017337e+01,-4.598108937671318685e-04,4.993894998966107168e-02,-1.340338717122935508e+00,0.000000000000000000e+00,1.500000000000000000e+00
2.175000000000017408e+01,-4.598108937671318685e-04,4.993894998966107168e-02,-1.265338717122935552e+00,0.000000000000000000e+00,1.500000000000000000e+00
2.180000000000017479e+01,-4.598108937671318685e-04,4.993894998966107168e-02,-1.190338717122935597e+00,0.000000000000000000e+00,1.428406460547522627e+00
2.185000000000017550e+01,-4.598108937671318685e-04,4.993894998966107168e-02,-1.118918394095559377e+00,0.000000000000000000e+00,1.342702072914671252e+00
2.190000000000017621e+01,-4.598108937671318685e-04,4.993894998966107168e-02,-1.051783290449825881e+00,0.000000000000000000e+00,1.262139948539791057e+00
2.195000000000017693e+01,-4.598108937671318685e-04,4.993894998966107168e-02,-9.886762930228363278e-01,0.000000000000000000e+00,1.186411551627403638e+00
2.200000000000017764e+01,-4.598108937671318685e-04,4.993894998966107168e-02,-9.293557154414661126e-01,0.000000000000000000e+00,1.115226858529759335e+00
2.205000000000017835e+01,-4.598108937671318685e-04,4.993894998966107168e-02,-8.735943725149781791e-01,0.000000000000000000e+00,1.048313247017973682e+00
2.210000000000017906e+01,-4.598108937671318685e-04,4.993894998966107168e-02,-8.211787101640795061e-01,0.000000000000000000e+00,9.854144521968953851e-01
2.215000000000017977e+01,-4.598108937671318685e-04,4.993894998966107168e-02,-7.719079875542347313e-01,0.000000000000000000e+00,9.262895850650816332e-01
2.220000000000018048e+01,-4.598108937671318685e-04,4.993894998966107168e-02,-7.255935083009806830e-01,0.000000000000000000e+00,8.707122099611768196e-01
2.225000000000018119e+01,-4.598108937671318685e-04,4.993894998966107168e-02,-6.820578978029218087e-01,0.000000000000000000e+00,8.184694773635061704e-01
2.230000000000018190e+01,-4.598108937671318685e-04,4.993894998966107168e-02,-6.411344239347464002e-01,0.000000000000000000e+00,7.693613087216956137e-01
2.235000000000018261e+01,-4.598108937671318685e-04,4.993894998966107168e-02,-6.026663584986615696e-01,0.000000000000000000e+00,7.231996301983938391e-01
2.240000000000018332e+01,-4.598108937671318685e-04,4.993894998966107168e-02,-5.665063769887418443e-01,0.000000000000000000e+00,6.798076523864902132e-01
2.245000000000018403e+01,-4.598108937671318685e-04,4.993894998966107168e-02,-5.325159943694173226e-01,0.000000000000000000e+00,6.390191932433008093e-01
2.250000000000018474e+01,-4.598108937671318685e-04,4.993894998966107168e-02,-5.005650347072523321e-01,0.000000000000000000e+00,6.006780416487027541e-01
2.255000000000018545e+01,-4.598108937671318685e-04,4.993894998966107168e-02,-4.705311326248172166e-01,0.000000000000000000e+00,5.646373591497806377e-01
2.260000000000018616e+01,-4.598108937671318685e-04,4.993894998966107168e-02,-4.422992646673282180e-01,0.000000000000000000e+00,5.307591176007938616e-01
2.265000000000018687e+01,-4.598108937671318685e-04,4.993894998966107168e-02,-4.157613087872885083e-01,0.000000000000000000e+00,4.989135705447461655e-01
2.270000000000018758e+01,-4.598108937671318685e-04,4.993894998966107168e-02,-3.908156302600511722e-01,0.000000000000000000e+00,4.689787563120613734e-01
2.275000000000018829e+01,-4.598108937671318685e-04,4.993894998966107168e-02,-3.673666924444480841e-01,0.000000000000000000e+00,4.408400309333376788e-01
2.280000000000018900e+01,-4.598108937671318685e-04,4.993894998966107168e-02,-3.453246908977811724e-01,0.000000000000000000e+00,4.143896290773373958e-01
2.285000000000018971e+01,-4.598108937671318685e-04,4.993894998966107168e-02,-3.246052094439142999e-01,0.000000000000000000e+00,3.895262513326971376e-01
2.290000000000019043e+01,-4.598108937671318685e-04,4.993894998966107168e-02,-3.051288968772794541e-01,0.000000000000000000e+00,3.661546762527353449e-01
2.295000000000019114e+01,-4.598108937671318685e-04,4.993894998966107168e-02,-2.868211630646426702e-01,0.000000000000000000e+00,3.441853956775711709e-01
2.300000000000019185e+01,-4.598108937671318685e-04,4.993894998966107168e-02,-2.696118932807641255e-01,0.000000000000000000e+00,3.235342719369169173e-01
2.305000000000019256e+01,-4.598108937671318685e-04,4.993894998966107168e-02,-2.534351796839182658e-01,0.000000000000000000e+00,3.041222156207019078e-01
2.310000000000019327e+01,-4.598108937671318685e-04,4.993894998966107168e-02,-2.382290689028831732e-01,0.000000000000000000e+00,2.858748826834597856e-01
2.315000000000019398e+01,-4.598108937671318685e-04,4.993894998966107168e-02,-2.239353247687101978e-01,0.000000000000000000e+00,2.687223897224522151e-01
2.320000000000019469e+01,-4.598108937671318685e-04,4.993894998966107168e-02,-2.104992052825875870e-01,0.000000000000000000e+00,2.525990463391050711e-01
2.325000000000019540e+01,-4.598108937671318685e-04,4.993894998966107168e-02,-1.978692529656323473e-01,0.000000000000000000e+00,2.374431035587588057e-01
2.330000000000019611e+01,-4.598108937671318685e-04,4.993894998966107168e-02,-1.859970977876944098e-01,0.000000000000000000e+00,2.231965173452332973e-01
2.335000000000019682e+01,-4.598108937671318685e-04,4.993894998966107168e-02,-1.748372719204327741e-01,0.000000000000000000e+00,2.098047263045193511e-01
2.340000000000019753e+01,-4.598108937671318685e-04,4.993894998966107168e-02,-1.643470356052067760e-01,0.000000000000000000e+00,1.972164427262480813e-01
2.345000000000019824e+01,-4.598108937671318685e-04,4.993894998966107168e-02,-1.544862134688943789e-01,0.000000000000000000e+00,1.853834561626732380e-01
2.350000000000019895e+01,-4.598108937671318685e-04,4.993894998966107168e-02,-1.452170406607607156e-01,0.000000000000000000e+00,1.742604487929128587e-01
2.355000000000019966e+01,-4.598108937671318685e-04,4.993894998966107168e-02,-1.365040182211150754e-01,0.000000000000000000e+00,1.638048218653380961e-01
2.360000000000020037e+01,-4.598108937671318685e-04,4.993894998966107168e-02,-1.283137771278481665e-01,0.000000000000000000e+00,1.539765325534177831e-01
2.365000000000020108e+01,-4.598108937671318685e-04,4.993894998966107168e-02,-1.206149505001772732e-01,0.000000000000000000e+00,1.447379406002127222e-01
2.370000000000020179e+01,-4.598108937671318685e-04,4.993894998966107168e-02,-1.133780534701666204e-01,0.000000000000000000e+00,1.360536641641999223e-01
2.375000000000020250e+01,-4.598108937671318685e-04,4.993894998966107168e-02,-1.065753702619566257e-01,0.000000000000000000e+00,1.278904443143479563e-01
2.380000000000020322e+01,-4.598108937671318685e-04,4.993894998966107168e-02,-1.001808480462392237e-01,0.000000000000000000e+00,1.202170176554870629e-01
2.385000000000020393e+01,-4.598108937671318685e-04,4.993894998966107168e-02,-9.416999716346487193e-02,0.000000000000000000e+00,1.130039965961578408e-01
2.390000000000020464e+01,-4.598108937671318685e-04,4.993894998966107168e-02,-8.851979733365697434e-02,0.000000000000000000e+00,1.062237568003883692e-01
2.395000000000020535e+01,-4.598108937671318685e-04,4.993894998966107168e-02,-8.320860949363755033e-02,0.000000000000000000e+00,9.985033139236505761e-02
2.400000000000020606e+01,-4.598108937671318685e-04,4.993894998966107168e-02,-7.821609292401929259e-02,0.000000000000000000e+00,0.000000000000000000e+00
